model,hyperparams,train_acc,train_std,test_acc,test_std
gb,default,100.0,0.0,95.82003546099291,2.0790897251095437
nn,default,97.95445961258295,0.3568605403660585,95.60726950354609,1.4562300251929063
log,default,96.1879350348028,0.31392477053586537,95.39893617021276,1.244581081451274
rf,default,99.60492095181569,0.3122135680111234,95.19060283687945,1.6206985549123818
knn,default,96.88528570657749,0.33094800972766353,94.98670212765957,2.6604940786001525
gnb,default,95.1185452975773,0.2942002793612325,94.97340425531915,2.334794025323665
ab,default,99.09334700264392,0.5037225705252887,94.56560283687945,2.318664956982208
svm,default,100.0,0.0,93.31117021276596,1.541820615562306
dt,default,100.0,0.0,93.29787234042551,3.484211733210389
svm,"{'C': 0.1, 'gamma': 6, 'degree': 3}",77.40587060918361,0.9952021216450153,76.7686170212766,7.19578742762991
svm,"{'C': 100.0, 'gamma': 5, 'degree': 4}",100.0,0.0,90.16843971631207,3.956116400460842
svm,"{'C': 100.0, 'gamma': 2, 'degree': 5}",100.0,0.0,93.91843971631205,2.759841620151693
svm,"{'C': 0.001, 'gamma': 2, 'degree': 6}",50.673986942211194,0.35541842319614375,43.922872340425535,3.214520547959193
svm,"{'C': 100.0, 'gamma': 7, 'degree': 3}",100.0,0.0,87.23847517730498,4.4175030206244905
svm,"{'C': 10.0, 'gamma': 7, 'degree': 4}",100.0,0.0,87.23847517730498,4.4175030206244905
svm,"{'C': 100.0, 'gamma': 2, 'degree': 5}",100.0,0.0,93.91843971631205,2.759841620151693
svm,"{'C': 1.0, 'gamma': 6, 'degree': 5}",100.0,0.0,87.45124113475178,4.458984120920843
svm,"{'C': 0.001, 'gamma': 2, 'degree': 6}",50.673986942211194,0.35541842319614375,43.922872340425535,3.214520547959193
svm,"{'C': 0.1, 'gamma': 3, 'degree': 5}",85.05368801597152,0.7006118771170508,83.68351063829786,7.156085533601953
svm,"{'C': 0.001, 'gamma': 4, 'degree': 6}",50.673986942211194,0.35541842319614375,43.922872340425535,3.214520547959193
svm,"{'C': 10.0, 'gamma': 5, 'degree': 5}",100.0,0.0,90.16843971631207,3.956116400460842
svm,"{'C': 1.0, 'gamma': 3, 'degree': 5}",100.0,0.0,92.04343971631207,3.4801180909150173
svm,"{'C': 10.0, 'gamma': 3, 'degree': 5}",100.0,0.0,92.67287234042553,2.854076450084763
svm,"{'C': 0.001, 'gamma': 4, 'degree': 4}",50.673986942211194,0.35541842319614375,43.922872340425535,3.214520547959193
svm,"{'C': 10.0, 'gamma': 1, 'degree': 5}",100.0,0.0,94.76950354609929,1.9236771561560528
svm,"{'C': 10.0, 'gamma': 5, 'degree': 6}",100.0,0.0,90.16843971631207,3.956116400460842
svm,"{'C': 0.001, 'gamma': 4, 'degree': 4}",50.673986942211194,0.35541842319614375,43.922872340425535,3.214520547959193
svm,"{'C': 1.0, 'gamma': 4, 'degree': 6}",100.0,0.0,90.58510638297872,3.9821743766386506
svm,"{'C': 0.1, 'gamma': 2, 'degree': 5}",89.63270922138888,0.5223818962322627,88.28900709219859,4.85236913973951
svm,"{'C': 0.001, 'gamma': 1, 'degree': 5}",50.673986942211194,0.35541842319614375,43.922872340425535,3.214520547959193
svm,"{'C': 0.001, 'gamma': 4, 'degree': 3}",50.673986942211194,0.35541842319614375,43.922872340425535,3.214520547959193
svm,"{'C': 1.0, 'gamma': 4, 'degree': 6}",100.0,0.0,90.58510638297872,3.9821743766386506
svm,"{'C': 0.001, 'gamma': 4, 'degree': 6}",50.673986942211194,0.35541842319614375,43.922872340425535,3.214520547959193
svm,"{'C': 0.001, 'gamma': 7, 'degree': 5}",50.673986942211194,0.35541842319614375,43.922872340425535,3.214520547959193
svm,"{'C': 0.001, 'gamma': 1, 'degree': 6}",50.673986942211194,0.35541842319614375,43.922872340425535,3.214520547959193
svm,"{'C': 100.0, 'gamma': 7, 'degree': 4}",100.0,0.0,87.23847517730498,4.4175030206244905
svm,"{'C': 1.0, 'gamma': 3, 'degree': 4}",100.0,0.0,92.04343971631207,3.4801180909150173
svm,"{'C': 0.001, 'gamma': 3, 'degree': 5}",50.673986942211194,0.35541842319614375,43.922872340425535,3.214520547959193
svm,"{'C': 1.0, 'gamma': 6, 'degree': 4}",100.0,0.0,87.45124113475178,4.458984120920843
svm,"{'C': 100.0, 'gamma': 5, 'degree': 4}",100.0,0.0,90.16843971631207,3.956116400460842
svm,"{'C': 1.0, 'gamma': 4, 'degree': 3}",100.0,0.0,90.58510638297872,3.9821743766386506
svm,"{'C': 10.0, 'gamma': 5, 'degree': 4}",100.0,0.0,90.16843971631207,3.956116400460842
svm,"{'C': 0.001, 'gamma': 1, 'degree': 5}",50.673986942211194,0.35541842319614375,43.922872340425535,3.214520547959193
svm,"{'C': 0.1, 'gamma': 6, 'degree': 3}",77.40587060918361,0.9952021216450153,76.7686170212766,7.19578742762991
svm,"{'C': 10.0, 'gamma': 2, 'degree': 5}",100.0,0.0,93.91843971631205,2.759841620151693
svm,"{'C': 1.0, 'gamma': 3, 'degree': 6}",100.0,0.0,92.04343971631207,3.4801180909150173
svm,"{'C': 100.0, 'gamma': 7, 'degree': 5}",100.0,0.0,87.23847517730498,4.4175030206244905
svm,"{'C': 0.001, 'gamma': 4, 'degree': 5}",50.673986942211194,0.35541842319614375,43.922872340425535,3.214520547959193
svm,"{'C': 0.001, 'gamma': 4, 'degree': 5}",50.673986942211194,0.35541842319614375,43.922872340425535,3.214520547959193
svm,"{'C': 10.0, 'gamma': 3, 'degree': 3}",100.0,0.0,92.67287234042553,2.854076450084763
svm,"{'C': 0.001, 'gamma': 4, 'degree': 3}",50.673986942211194,0.35541842319614375,43.922872340425535,3.214520547959193
svm,"{'C': 100.0, 'gamma': 6, 'degree': 6}",100.0,0.0,89.11790780141844,3.829245943656163
svm,"{'C': 1.0, 'gamma': 5, 'degree': 4}",100.0,0.0,89.53457446808511,3.8571191316609776
svm,"{'C': 1.0, 'gamma': 1, 'degree': 5}",99.16333027572439,0.27835159681785576,94.97783687943263,1.672815023053373
svm,"{'C': 0.1, 'gamma': 1, 'degree': 5}",93.6539685965575,0.3155449898848404,93.29343971631205,2.805472899795928
svm,"{'C': 0.1, 'gamma': 6, 'degree': 6}",77.40587060918361,0.9952021216450153,76.7686170212766,7.19578742762991
svm,"{'C': 10.0, 'gamma': 2, 'degree': 6}",100.0,0.0,93.91843971631205,2.759841620151693
svm,"{'C': 0.001, 'gamma': 1, 'degree': 6}",50.673986942211194,0.35541842319614375,43.922872340425535,3.214520547959193
svm,"{'C': 100.0, 'gamma': 6, 'degree': 6}",100.0,0.0,89.11790780141844,3.829245943656163
knn,{'n_neighbors': 1},100.0,0.0,92.8945035460993,2.1076230395321556
knn,{'n_neighbors': 5},96.32741596071871,0.35584558359068236,95.1950354609929,1.8658346568902564
knn,{'n_neighbors': 4},95.95559272648788,0.5404281465090367,94.77836879432625,2.4996070059805127
knn,{'n_neighbors': 3},96.62952571089409,0.29811316145747413,94.36613475177305,3.086994128779507
knn,{'n_neighbors': 4},95.95559272648788,0.5404281465090367,94.77836879432625,2.4996070059805127
knn,{'n_neighbors': 6},96.28090433281173,0.23074545405222213,95.18617021276596,1.8829211234528693
knn,{'n_neighbors': 8},95.9552689796579,0.3166366521706857,94.7695035460993,1.4015786421052265
knn,{'n_neighbors': 7},96.3969675713592,0.28063778061392536,95.3945035460993,1.5714824676942152
knn,{'n_neighbors': 10},95.81589596935197,0.3289098196425255,95.61170212765958,1.7238292240831519
knn,{'n_neighbors': 1},100.0,0.0,92.8945035460993,2.1076230395321556
knn,{'n_neighbors': 9},95.9553229374629,0.29833074712902713,95.39893617021276,1.8227519515356752
knn,{'n_neighbors': 10},95.81589596935197,0.3289098196425255,95.61170212765958,1.7238292240831519
knn,{'n_neighbors': 8},95.9552689796579,0.3166366521706857,94.7695035460993,1.4015786421052265
knn,{'n_neighbors': 5},96.32741596071871,0.35584558359068236,95.1950354609929,1.8658346568902564
knn,{'n_neighbors': 9},95.9553229374629,0.29833074712902713,95.39893617021276,1.8227519515356752
knn,{'n_neighbors': 7},96.3969675713592,0.28063778061392536,95.3945035460993,1.5714824676942152
knn,{'n_neighbors': 9},95.9553229374629,0.29833074712902713,95.39893617021276,1.8227519515356752
knn,{'n_neighbors': 8},95.9552689796579,0.3166366521706857,94.7695035460993,1.4015786421052265
knn,{'n_neighbors': 10},95.81589596935197,0.3289098196425255,95.61170212765958,1.7238292240831519
knn,{'n_neighbors': 3},96.62952571089409,0.29811316145747413,94.36613475177305,3.086994128779507
knn,{'n_neighbors': 1},100.0,0.0,92.8945035460993,2.1076230395321556
knn,{'n_neighbors': 2},96.07170992284034,0.553854832671068,90.79787234042553,3.624965202270242
knn,{'n_neighbors': 9},95.9553229374629,0.29833074712902713,95.39893617021276,1.8227519515356752
knn,{'n_neighbors': 1},100.0,0.0,92.8945035460993,2.1076230395321556
knn,{'n_neighbors': 2},96.07170992284034,0.553854832671068,90.79787234042553,3.624965202270242
knn,{'n_neighbors': 9},95.9553229374629,0.29833074712902713,95.39893617021276,1.8227519515356752
knn,{'n_neighbors': 5},96.32741596071871,0.35584558359068236,95.1950354609929,1.8658346568902564
knn,{'n_neighbors': 1},100.0,0.0,92.8945035460993,2.1076230395321556
knn,{'n_neighbors': 4},95.95559272648788,0.5404281465090367,94.77836879432625,2.4996070059805127
knn,{'n_neighbors': 4},95.95559272648788,0.5404281465090367,94.77836879432625,2.4996070059805127
knn,{'n_neighbors': 1},100.0,0.0,92.8945035460993,2.1076230395321556
knn,{'n_neighbors': 7},96.3969675713592,0.28063778061392536,95.3945035460993,1.5714824676942152
knn,{'n_neighbors': 10},95.81589596935197,0.3289098196425255,95.61170212765958,1.7238292240831519
knn,{'n_neighbors': 2},96.07170992284034,0.553854832671068,90.79787234042553,3.624965202270242
knn,{'n_neighbors': 7},96.3969675713592,0.28063778061392536,95.3945035460993,1.5714824676942152
knn,{'n_neighbors': 2},96.07170992284034,0.553854832671068,90.79787234042553,3.624965202270242
knn,{'n_neighbors': 1},100.0,0.0,92.8945035460993,2.1076230395321556
knn,{'n_neighbors': 5},96.32741596071871,0.35584558359068236,95.1950354609929,1.8658346568902564
knn,{'n_neighbors': 7},96.3969675713592,0.28063778061392536,95.3945035460993,1.5714824676942152
knn,{'n_neighbors': 2},96.07170992284034,0.553854832671068,90.79787234042553,3.624965202270242
knn,{'n_neighbors': 7},96.3969675713592,0.28063778061392536,95.3945035460993,1.5714824676942152
knn,{'n_neighbors': 1},100.0,0.0,92.8945035460993,2.1076230395321556
knn,{'n_neighbors': 8},95.9552689796579,0.3166366521706857,94.7695035460993,1.4015786421052265
knn,{'n_neighbors': 6},96.28090433281173,0.23074545405222213,95.18617021276596,1.8829211234528693
knn,{'n_neighbors': 10},95.81589596935197,0.3289098196425255,95.61170212765958,1.7238292240831519
knn,{'n_neighbors': 10},95.81589596935197,0.3289098196425255,95.61170212765958,1.7238292240831519
knn,{'n_neighbors': 5},96.32741596071871,0.35584558359068236,95.1950354609929,1.8658346568902564
knn,{'n_neighbors': 8},95.9552689796579,0.3166366521706857,94.7695035460993,1.4015786421052265
knn,{'n_neighbors': 6},96.28090433281173,0.23074545405222213,95.18617021276596,1.8829211234528693
knn,{'n_neighbors': 6},96.28090433281173,0.23074545405222213,95.18617021276596,1.8829211234528693
gnb,{},95.23477040953973,0.280049657681402,95.81560283687944,1.6141326304503794
gnb,{},95.23477040953973,0.280049657681402,95.81560283687944,1.6141326304503794
gnb,{},95.23477040953973,0.280049657681402,95.81560283687944,1.6141326304503794
gnb,{},95.23477040953973,0.280049657681402,95.81560283687944,1.6141326304503794
gnb,{},95.23477040953973,0.280049657681402,95.81560283687944,1.6141326304503794
gnb,{},95.23477040953973,0.280049657681402,95.81560283687944,1.6141326304503794
gnb,{},95.23477040953973,0.280049657681402,95.81560283687944,1.6141326304503794
gnb,{},95.23477040953973,0.280049657681402,95.81560283687944,1.6141326304503794
gnb,{},95.23477040953973,0.280049657681402,95.81560283687944,1.6141326304503794
gnb,{},95.23477040953973,0.280049657681402,95.81560283687944,1.6141326304503794
gnb,{},95.23477040953973,0.280049657681402,95.81560283687944,1.6141326304503794
gnb,{},95.23477040953973,0.280049657681402,95.81560283687944,1.6141326304503794
gnb,{},95.23477040953973,0.280049657681402,95.81560283687944,1.6141326304503794
gnb,{},95.23477040953973,0.280049657681402,95.81560283687944,1.6141326304503794
gnb,{},95.23477040953973,0.280049657681402,95.81560283687944,1.6141326304503794
gnb,{},95.23477040953973,0.280049657681402,95.81560283687944,1.6141326304503794
gnb,{},95.23477040953973,0.280049657681402,95.81560283687944,1.6141326304503794
gnb,{},95.23477040953973,0.280049657681402,95.81560283687944,1.6141326304503794
gnb,{},95.23477040953973,0.280049657681402,95.81560283687944,1.6141326304503794
gnb,{},95.23477040953973,0.280049657681402,95.81560283687944,1.6141326304503794
gnb,{},95.23477040953973,0.280049657681402,95.81560283687944,1.6141326304503794
gnb,{},95.23477040953973,0.280049657681402,95.81560283687944,1.6141326304503794
gnb,{},95.23477040953973,0.280049657681402,95.81560283687944,1.6141326304503794
gnb,{},95.23477040953973,0.280049657681402,95.81560283687944,1.6141326304503794
gnb,{},95.23477040953973,0.280049657681402,95.81560283687944,1.6141326304503794
gnb,{},95.23477040953973,0.280049657681402,95.81560283687944,1.6141326304503794
gnb,{},95.23477040953973,0.280049657681402,95.81560283687944,1.6141326304503794
gnb,{},95.23477040953973,0.280049657681402,95.81560283687944,1.6141326304503794
gnb,{},95.23477040953973,0.280049657681402,95.81560283687944,1.6141326304503794
gnb,{},95.23477040953973,0.280049657681402,95.81560283687944,1.6141326304503794
gnb,{},95.23477040953973,0.280049657681402,95.81560283687944,1.6141326304503794
gnb,{},95.23477040953973,0.280049657681402,95.81560283687944,1.6141326304503794
gnb,{},95.23477040953973,0.280049657681402,95.81560283687944,1.6141326304503794
gnb,{},95.23477040953973,0.280049657681402,95.81560283687944,1.6141326304503794
gnb,{},95.23477040953973,0.280049657681402,95.81560283687944,1.6141326304503794
gnb,{},95.23477040953973,0.280049657681402,95.81560283687944,1.6141326304503794
gnb,{},95.23477040953973,0.280049657681402,95.81560283687944,1.6141326304503794
gnb,{},95.23477040953973,0.280049657681402,95.81560283687944,1.6141326304503794
gnb,{},95.23477040953973,0.280049657681402,95.81560283687944,1.6141326304503794
gnb,{},95.23477040953973,0.280049657681402,95.81560283687944,1.6141326304503794
gnb,{},95.23477040953973,0.280049657681402,95.81560283687944,1.6141326304503794
gnb,{},95.23477040953973,0.280049657681402,95.81560283687944,1.6141326304503794
gnb,{},95.23477040953973,0.280049657681402,95.81560283687944,1.6141326304503794
gnb,{},95.23477040953973,0.280049657681402,95.81560283687944,1.6141326304503794
gnb,{},95.23477040953973,0.280049657681402,95.81560283687944,1.6141326304503794
gnb,{},95.23477040953973,0.280049657681402,95.81560283687944,1.6141326304503794
gnb,{},95.23477040953973,0.280049657681402,95.81560283687944,1.6141326304503794
gnb,{},95.23477040953973,0.280049657681402,95.81560283687944,1.6141326304503794
gnb,{},95.23477040953973,0.280049657681402,95.81560283687944,1.6141326304503794
gnb,{},95.23477040953973,0.280049657681402,95.81560283687944,1.6141326304503794
nn,"{'alpha': 0.0001, 'hidden_layer_sizes': (80, 10)}",98.02433497005343,0.4434023294844103,94.76950354609929,2.8487672024427675
nn,"{'alpha': 0.1, 'hidden_layer_sizes': (10, 10, 10)}",96.72238709329305,0.4591149236699266,95.81560283687944,2.092574193954749
nn,"{'alpha': 0.001, 'hidden_layer_sizes': (64, 64, 64, 64)}",100.0,0.0,93.93617021276596,2.3607874722346156
nn,"{'alpha': 0.0001, 'hidden_layer_sizes': (32, 32, 32)}",98.88431446608752,1.1135725738968492,94.77393617021275,2.8273367037952735
nn,"{'alpha': 0.001, 'hidden_layer_sizes': (32, 32, 32, 32, 32, 32)}",99.04721307937193,1.27901726647856,94.14450354609929,2.92663650434418
nn,"{'alpha': 0.01, 'hidden_layer_sizes': (32, 32, 32, 32, 32, 32)}",99.13953488372093,1.1009116631204314,94.56117021276596,2.8263358200233175
nn,"{'alpha': 0.0001, 'hidden_layer_sizes': (64, 64, 64)}",99.37279447472078,1.2555543941203164,93.93617021276596,2.7035954949235674
nn,"{'alpha': 0.001, 'hidden_layer_sizes': (64, 64, 64)}",99.65116279069767,0.6996097189065738,94.1445035460993,2.4261845698697564
nn,"{'alpha': 0.01, 'hidden_layer_sizes': (64, 64, 64)}",99.53488372093024,0.6819943394704739,94.35283687943263,2.801558709119586
nn,"{'alpha': 0.01, 'hidden_layer_sizes': (20, 10)}",96.72244105109804,0.33624892314166865,95.81117021276596,2.6601838840797916
nn,"{'alpha': 0.0001, 'hidden_layer_sizes': (32, 32, 32)}",98.7908055900286,1.2030916495998996,94.34840425531914,2.6573017771836493
nn,"{'alpha': 0.1, 'hidden_layer_sizes': (16, 32, 64, 64, 32, 16)}",97.3030809906653,1.3292279341458693,95.38563829787233,2.809769764181733
nn,"{'alpha': 0.001, 'hidden_layer_sizes': (64, 64, 64, 64)}",99.74418604651163,0.7674418604651165,94.1445035460993,2.5989280718460903
nn,"{'alpha': 0.01, 'hidden_layer_sizes': (16, 32, 64, 64, 32, 16)}",98.11795176172231,1.5352981305808577,95.39893617021276,3.2041955497864896
nn,"{'alpha': 0.1, 'hidden_layer_sizes': (64, 64, 64)}",99.1168186478174,1.1136421895401676,94.77393617021276,3.2611855207430565
nn,"{'alpha': 0.0001, 'hidden_layer_sizes': (64, 64, 64)}",99.95348837209302,0.13953488372092834,94.35283687943263,2.6420968273491163
nn,"{'alpha': 0.0001, 'hidden_layer_sizes': (64, 64, 64, 64)}",99.79069767441861,0.6279069767441839,94.1445035460993,2.5989280718460903
nn,"{'alpha': 0.001, 'hidden_layer_sizes': (20, 10)}",96.74580478066153,0.40181750995954313,95.18617021276596,2.2981520985905446
nn,"{'alpha': 0.1, 'hidden_layer_sizes': (32, 32, 32, 32, 32, 32)}",98.67441860465117,1.3760290411615816,94.35283687943263,3.095939649243006
nn,"{'alpha': 0.01, 'hidden_layer_sizes': (32, 32, 32, 32, 32, 32)}",99.09302325581396,1.2967071497163418,95.18617021276596,2.4798303619021387
nn,"{'alpha': 0.1, 'hidden_layer_sizes': (32, 32, 32, 32, 32, 32)}",98.16413964279931,1.3198310328944094,94.56560283687944,3.11712767792964
nn,"{'alpha': 0.1, 'hidden_layer_sizes': (64, 64, 64)}",98.81406140398208,1.1078382168765069,94.9822695035461,3.386350762301172
nn,"{'alpha': 0.001, 'hidden_layer_sizes': (10, 20, 20, 10)}",97.51308476771165,0.9351405997439397,95.39893617021276,2.9207461392870884
nn,"{'alpha': 0.1, 'hidden_layer_sizes': (64, 64, 64, 64)}",98.76808935412507,1.2689400401278506,94.77393617021276,3.2611855207430573
nn,"{'alpha': 0.1, 'hidden_layer_sizes': (64, 64, 64)}",98.51232935844169,1.2084135261138176,95.19060283687944,3.093720777694632
nn,"{'alpha': 0.001, 'hidden_layer_sizes': (20, 20, 20, 20)}",98.44299357902119,1.0020873580651128,94.77393617021275,2.501543868397439
nn,"{'alpha': 0.0001, 'hidden_layer_sizes': (10, 10, 10)}",96.65272756704258,0.25881993254514757,95.81117021276596,2.476663026482027
nn,"{'alpha': 0.1, 'hidden_layer_sizes': (32, 32, 32, 32, 32, 32)}",99.06976744186048,1.1627906976744191,93.72340425531914,2.8022599508165014
nn,"{'alpha': 0.1, 'hidden_layer_sizes': (32, 32, 32)}",98.04748286839691,0.8892187066798137,94.97783687943263,2.8296012854616777
nn,"{'alpha': 0.01, 'hidden_layer_sizes': (32, 32, 32, 32, 32, 32)}",98.53563913020018,1.4883733967812764,94.35283687943263,2.2901014243865188
nn,"{'alpha': 0.0001, 'hidden_layer_sizes': (16, 32, 64, 64, 32, 16)}",97.86219176603895,1.4496846792193634,95.19060283687944,2.2952476925097507
nn,"{'alpha': 0.1, 'hidden_layer_sizes': (32, 32, 32)}",97.95445961258297,0.7627906704985665,95.19060283687944,2.956414076578845
nn,"{'alpha': 0.1, 'hidden_layer_sizes': (64, 64, 64)}",99.13964279933093,0.9421211142124473,94.56560283687944,2.9746309695421855
nn,"{'alpha': 0.1, 'hidden_layer_sizes': (20, 20, 20, 20)}",97.30389035774024,0.5502872953509574,95.19060283687944,2.2952476925097507
nn,"{'alpha': 0.01, 'hidden_layer_sizes': (64, 64, 64, 64)}",98.93109588301948,1.5027554223277133,94.3572695035461,2.9514120967378235
nn,"{'alpha': 0.001, 'hidden_layer_sizes': (20, 10)}",96.65267360923757,0.23766930286870883,95.81560283687944,2.472848128841818
nn,"{'alpha': 0.1, 'hidden_layer_sizes': (16, 32, 64, 64, 32, 16)}",97.67512005611613,0.7783710291982547,94.76507092198582,1.6968847018918223
nn,"{'alpha': 0.01, 'hidden_layer_sizes': (32, 32, 32, 32, 32, 32)}",99.30232558139535,1.1392975547828752,94.76507092198582,2.3417054379620765
nn,"{'alpha': 0.0001, 'hidden_layer_sizes': (32, 32, 32)}",99.44196838072628,0.6992375190453487,94.9822695035461,2.8275694974864045
nn,"{'alpha': 0.0001, 'hidden_layer_sizes': (64, 64, 64)}",99.81416931959208,0.37166167415952717,94.76950354609929,2.9972537645766892
nn,"{'alpha': 0.0001, 'hidden_layer_sizes': (20, 10)}",96.72233313548804,0.35288274523211527,95.39893617021276,2.9207461392870884
nn,"{'alpha': 0.0001, 'hidden_layer_sizes': (20, 20, 20, 20)}",98.02357956078346,1.0874273871398543,95.39450354609929,2.4528437299004
nn,"{'alpha': 0.001, 'hidden_layer_sizes': (64, 64, 64, 64)}",99.51162790697674,0.8086204023587797,93.72783687943262,2.953022700984799
nn,"{'alpha': 0.01, 'hidden_layer_sizes': (10, 10, 10)}",96.69913127933955,0.2912734324409088,94.97783687943263,2.6718135936346323
nn,"{'alpha': 0.001, 'hidden_layer_sizes': (80, 10)}",97.62904009064911,0.38601049021274064,95.18617021276596,2.8214061617820905
nn,"{'alpha': 0.01, 'hidden_layer_sizes': (20, 20, 20, 20)}",97.67528192953111,0.7854325844635027,95.61170212765958,2.538465957231916
nn,"{'alpha': 0.1, 'hidden_layer_sizes': (16, 32, 64, 64, 32, 16)}",97.76922246803,1.3386613247485941,94.7695035460993,2.1374258716203918
nn,"{'alpha': 0.1, 'hidden_layer_sizes': (80, 10)}",97.60583823450062,0.4161446483404624,95.39450354609929,2.784340761189769
nn,"{'alpha': 0.1, 'hidden_layer_sizes': (32, 32, 32)}",98.41973776506771,0.8487016630009826,94.14007092198582,3.3593793408689843
nn,"{'alpha': 0.001, 'hidden_layer_sizes': (32, 32, 32, 32, 32, 32)}",99.34894512491232,1.1894995651617442,94.76950354609929,3.404070621467158
rf,"{'n_estimators': 1290, 'max_features': 'log2', 'max_depth': None, 'min_samples_split': 2, 'min_samples_leaf': 2, 'bootstrap': False}",99.7907516322236,0.06974964144285864,96.02393617021276,2.375907199285508
rf,"{'n_estimators': 220, 'max_features': 'log2', 'max_depth': 1, 'min_samples_split': 2, 'min_samples_leaf': 4, 'bootstrap': False}",95.00232018561485,0.5121649610776505,94.98226950354608,2.1179224592708144
rf,"{'n_estimators': 410, 'max_features': 'auto', 'max_depth': 5, 'min_samples_split': 10, 'min_samples_leaf': 4, 'bootstrap': True}",97.30351265310527,0.21381473159401623,96.65336879432623,1.9105844030502823
rf,"{'n_estimators': 1590, 'max_features': 'sqrt', 'max_depth': None, 'min_samples_split': 5, 'min_samples_leaf': 4, 'bootstrap': True}",97.44304753682619,0.1800152061278557,96.4450354609929,2.0934753887398303
rf,"{'n_estimators': 1450, 'max_features': 'log2', 'max_depth': 3, 'min_samples_split': 10, 'min_samples_leaf': 1, 'bootstrap': True}",97.09437220093886,0.2143957552439336,96.23670212765958,2.2423514643748885
rf,"{'n_estimators': 960, 'max_features': 'auto', 'max_depth': None, 'min_samples_split': 2, 'min_samples_leaf': 2, 'bootstrap': True}",98.69832191226462,0.2368073009259343,96.4450354609929,2.0934753887398303
rf,"{'n_estimators': 460, 'max_features': 'auto', 'max_depth': 4, 'min_samples_split': 2, 'min_samples_leaf': 2, 'bootstrap': True}",97.35007823881725,0.18587417527295413,96.4450354609929,2.0934753887398303
rf,"{'n_estimators': 1290, 'max_features': 'log2', 'max_depth': None, 'min_samples_split': 5, 'min_samples_leaf': 4, 'bootstrap': True}",97.4430475368262,0.1800152061278557,96.4450354609929,2.0934753887398303
rf,"{'n_estimators': 800, 'max_features': 'log2', 'max_depth': 2, 'min_samples_split': 10, 'min_samples_leaf': 1, 'bootstrap': False}",96.42033130092268,0.4307278097365628,95.8200354609929,2.079089725109544
rf,"{'n_estimators': 710, 'max_features': 'sqrt', 'max_depth': 3, 'min_samples_split': 5, 'min_samples_leaf': 1, 'bootstrap': True}",97.25705498300329,0.22822521878603652,96.02836879432623,1.9623262495422005
rf,"{'n_estimators': 790, 'max_features': 'log2', 'max_depth': 4, 'min_samples_split': 5, 'min_samples_leaf': 2, 'bootstrap': True}",97.35007823881725,0.18587417527295413,96.02836879432623,2.540647747388259
rf,"{'n_estimators': 550, 'max_features': 'sqrt', 'max_depth': 1, 'min_samples_split': 10, 'min_samples_leaf': 1, 'bootstrap': False}",95.02552204176334,0.34869575942892966,94.98226950354608,2.1179224592708144
rf,"{'n_estimators': 1660, 'max_features': 'sqrt', 'max_depth': 4, 'min_samples_split': 10, 'min_samples_leaf': 1, 'bootstrap': True}",97.25705498300329,0.2508055185651199,96.02836879432623,2.540647747388259
rf,"{'n_estimators': 920, 'max_features': 'sqrt', 'max_depth': None, 'min_samples_split': 5, 'min_samples_leaf': 4, 'bootstrap': False}",98.41941401823775,0.289821033061238,96.23670212765958,1.8143949345919954
rf,"{'n_estimators': 1050, 'max_features': 'log2', 'max_depth': 3, 'min_samples_split': 2, 'min_samples_leaf': 2, 'bootstrap': True}",97.21054335509632,0.23316416239750484,96.02836879432623,1.9623262495422005
rf,"{'n_estimators': 1730, 'max_features': 'auto', 'max_depth': 1, 'min_samples_split': 5, 'min_samples_leaf': 4, 'bootstrap': False}",95.11859925538229,0.3441695155098773,94.98226950354608,2.1179224592708144
rf,"{'n_estimators': 1810, 'max_features': 'log2', 'max_depth': 2, 'min_samples_split': 2, 'min_samples_leaf': 4, 'bootstrap': True}",96.76895267900503,0.21925552721829367,95.8200354609929,1.8586442719091025
rf,"{'n_estimators': 1300, 'max_features': 'auto', 'max_depth': 1, 'min_samples_split': 10, 'min_samples_leaf': 4, 'bootstrap': False}",95.04883181352183,0.2947325264719948,94.98226950354608,2.1179224592708144
rf,"{'n_estimators': 90, 'max_features': 'log2', 'max_depth': 5, 'min_samples_split': 2, 'min_samples_leaf': 1, 'bootstrap': True}",97.58258242054714,0.18516928800388638,96.23670212765958,2.2423514643748885
rf,"{'n_estimators': 1940, 'max_features': 'sqrt', 'max_depth': 1, 'min_samples_split': 5, 'min_samples_leaf': 1, 'bootstrap': False}",94.97906437166137,0.511742151950594,94.98226950354608,2.1179224592708144
rf,"{'n_estimators': 180, 'max_features': 'auto', 'max_depth': 4, 'min_samples_split': 2, 'min_samples_leaf': 4, 'bootstrap': True}",97.2570549830033,0.2506055426094181,96.02836879432623,2.540647747388259
rf,"{'n_estimators': 1200, 'max_features': 'log2', 'max_depth': 2, 'min_samples_split': 2, 'min_samples_leaf': 4, 'bootstrap': True}",96.76889872120003,0.2200025600210899,95.61170212765958,1.7238292240831519
rf,"{'n_estimators': 1450, 'max_features': 'auto', 'max_depth': 4, 'min_samples_split': 5, 'min_samples_leaf': 4, 'bootstrap': True}",97.2338531268548,0.28369074788479653,96.65336879432623,1.9105844030502823
rf,"{'n_estimators': 480, 'max_features': 'log2', 'max_depth': 4, 'min_samples_split': 10, 'min_samples_leaf': 4, 'bootstrap': True}",97.23390708465979,0.28302318703079665,96.02836879432623,1.9623262495422005
rf,"{'n_estimators': 1790, 'max_features': 'sqrt', 'max_depth': 2, 'min_samples_split': 2, 'min_samples_leaf': 4, 'bootstrap': True}",96.76895267900503,0.19301898498071887,96.23670212765958,2.0396285284896005
rf,"{'n_estimators': 1210, 'max_features': 'auto', 'max_depth': None, 'min_samples_split': 10, 'min_samples_leaf': 1, 'bootstrap': True}",97.53596287703016,0.15524968595626754,96.23670212765958,2.2423514643748885
rf,"{'n_estimators': 730, 'max_features': 'log2', 'max_depth': 5, 'min_samples_split': 10, 'min_samples_leaf': 2, 'bootstrap': True}",97.46624939297469,0.16341427464446998,96.23670212765958,2.428208320004643
rf,"{'n_estimators': 700, 'max_features': 'log2', 'max_depth': 4, 'min_samples_split': 5, 'min_samples_leaf': 2, 'bootstrap': False}",97.32682242486376,0.1874773698851665,96.23670212765958,1.8143949345919954
rf,"{'n_estimators': 1110, 'max_features': 'sqrt', 'max_depth': 3, 'min_samples_split': 2, 'min_samples_leaf': 1, 'bootstrap': True}",97.1873414989478,0.24293563786460207,96.02836879432623,1.9623262495422005
rf,"{'n_estimators': 1050, 'max_features': 'sqrt', 'max_depth': 1, 'min_samples_split': 2, 'min_samples_leaf': 2, 'bootstrap': True}",95.76933038363998,0.3265269442440055,94.56560283687944,2.310600719580886
rf,"{'n_estimators': 500, 'max_features': 'sqrt', 'max_depth': 6, 'min_samples_split': 10, 'min_samples_leaf': 2, 'bootstrap': False}",97.58252846274213,0.29771881331129324,96.02836879432623,1.9623262495422005
rf,"{'n_estimators': 1020, 'max_features': 'auto', 'max_depth': 3, 'min_samples_split': 2, 'min_samples_leaf': 1, 'bootstrap': False}",97.18734149894782,0.2429356378646021,96.23670212765958,1.8143949345919954
rf,"{'n_estimators': 1140, 'max_features': 'auto', 'max_depth': 1, 'min_samples_split': 5, 'min_samples_leaf': 2, 'bootstrap': False}",94.97906437166137,0.4314665995341137,94.98226950354608,2.1179224592708144
rf,"{'n_estimators': 500, 'max_features': 'sqrt', 'max_depth': 2, 'min_samples_split': 2, 'min_samples_leaf': 4, 'bootstrap': True}",96.81541034910701,0.20961617644135014,95.61170212765958,1.7238292240831519
rf,"{'n_estimators': 280, 'max_features': 'auto', 'max_depth': 5, 'min_samples_split': 5, 'min_samples_leaf': 2, 'bootstrap': False}",97.51276102088168,0.209536324911437,96.4450354609929,2.0934753887398303
rf,"{'n_estimators': 1230, 'max_features': 'sqrt', 'max_depth': 3, 'min_samples_split': 2, 'min_samples_leaf': 4, 'bootstrap': True}",96.88512383316247,0.21365557518212003,96.23670212765958,1.8143949345919954
rf,"{'n_estimators': 190, 'max_features': 'auto', 'max_depth': None, 'min_samples_split': 2, 'min_samples_leaf': 2, 'bootstrap': True}",98.4891275022932,0.298099800941588,96.23226950354609,2.255678748262125
rf,"{'n_estimators': 1910, 'max_features': 'log2', 'max_depth': 2, 'min_samples_split': 10, 'min_samples_leaf': 4, 'bootstrap': False}",96.53650245508013,0.319299335650793,95.8200354609929,2.079089725109544
rf,"{'n_estimators': 1950, 'max_features': 'log2', 'max_depth': None, 'min_samples_split': 5, 'min_samples_leaf': 4, 'bootstrap': True}",97.46630335077968,0.19291904453251033,96.4450354609929,2.0934753887398303
rf,"{'n_estimators': 120, 'max_features': 'sqrt', 'max_depth': 5, 'min_samples_split': 5, 'min_samples_leaf': 2, 'bootstrap': True}",97.53601683483517,0.18616822897637897,96.23670212765958,1.8143949345919954
rf,"{'n_estimators': 90, 'max_features': 'auto', 'max_depth': 3, 'min_samples_split': 2, 'min_samples_leaf': 4, 'bootstrap': False}",97.16403172718933,0.29114878097008745,96.23670212765958,1.8143949345919954
rf,"{'n_estimators': 1690, 'max_features': 'auto', 'max_depth': 3, 'min_samples_split': 2, 'min_samples_leaf': 4, 'bootstrap': False}",97.16408568499432,0.22813839799283825,96.23670212765958,1.8143949345919954
rf,"{'n_estimators': 690, 'max_features': 'log2', 'max_depth': 3, 'min_samples_split': 10, 'min_samples_leaf': 4, 'bootstrap': True}",96.90843360492096,0.1484405007491729,96.4450354609929,2.0934753887398303
rf,"{'n_estimators': 1330, 'max_features': 'auto', 'max_depth': 1, 'min_samples_split': 10, 'min_samples_leaf': 2, 'bootstrap': False}",95.04883181352183,0.3607407556288973,94.98226950354608,2.1179224592708144
rf,"{'n_estimators': 920, 'max_features': 'log2', 'max_depth': 2, 'min_samples_split': 5, 'min_samples_leaf': 2, 'bootstrap': True}",96.74569686505153,0.25467418622481697,96.23670212765958,1.8143949345919954
rf,"{'n_estimators': 930, 'max_features': 'auto', 'max_depth': 4, 'min_samples_split': 10, 'min_samples_leaf': 1, 'bootstrap': False}",97.35007823881725,0.15405372887605198,96.02393617021276,1.9770745834453467
rf,"{'n_estimators': 1280, 'max_features': 'log2', 'max_depth': None, 'min_samples_split': 2, 'min_samples_leaf': 1, 'bootstrap': False}",100.0,0.0,95.60283687943263,2.885485092511081
rf,"{'n_estimators': 330, 'max_features': 'auto', 'max_depth': 5, 'min_samples_split': 2, 'min_samples_leaf': 4, 'bootstrap': True}",97.32682242486376,0.2141591737836284,96.02836879432623,2.540647747388259
rf,"{'n_estimators': 940, 'max_features': 'log2', 'max_depth': 6, 'min_samples_split': 5, 'min_samples_leaf': 4, 'bootstrap': False}",97.55927264878865,0.21439075783089326,96.4450354609929,1.6268153220781603
rf,"{'n_estimators': 1530, 'max_features': 'log2', 'max_depth': 4, 'min_samples_split': 5, 'min_samples_leaf': 1, 'bootstrap': False}",97.37328009496574,0.1819668794943366,96.02393617021276,1.9770745834453467
gb,{'n_estimators': 310},100.0,0.0,95.81117021276596,2.4916907395506156
gb,{'n_estimators': 520},100.0,0.0,95.18173758865248,2.8435240501783094
gb,{'n_estimators': 1130},100.0,0.0,95.18173758865248,2.5198249766266203
gb,{'n_estimators': 1340},100.0,0.0,95.39007092198581,2.647950365807806
gb,{'n_estimators': 290},100.0,0.0,95.59840425531914,2.907750740130944
gb,{'n_estimators': 790},100.0,0.0,94.97340425531914,2.7086343868149787
gb,{'n_estimators': 1900},100.0,0.0,94.97340425531914,2.7086343868149787
gb,{'n_estimators': 1580},100.0,0.0,95.18173758865248,2.5198249766266203
gb,{'n_estimators': 350},100.0,0.0,95.59840425531914,2.754443466687325
gb,{'n_estimators': 1360},100.0,0.0,95.18173758865248,2.5198249766266203
gb,{'n_estimators': 590},100.0,0.0,95.39007092198581,2.957659928202161
gb,{'n_estimators': 1470},100.0,0.0,95.39007092198582,2.6479503658078065
gb,{'n_estimators': 230},100.0,0.0,95.59840425531914,2.907750740130944
gb,{'n_estimators': 180},100.0,0.0,96.22340425531914,3.375832513424538
gb,{'n_estimators': 130},100.0,0.0,95.80673758865247,2.9905729355043817
gb,{'n_estimators': 760},100.0,0.0,95.18173758865248,2.5198249766266203
gb,{'n_estimators': 1830},100.0,0.0,95.59840425531914,2.907750740130944
gb,{'n_estimators': 1660},100.0,0.0,95.18173758865248,2.5198249766266203
gb,{'n_estimators': 310},100.0,0.0,95.81117021276596,2.4916907395506156
gb,{'n_estimators': 420},100.0,0.0,95.39007092198581,3.1009366014880686
gb,{'n_estimators': 1240},100.0,0.0,95.18173758865247,2.6865541997858324
gb,{'n_estimators': 830},100.0,0.0,95.39007092198581,2.647950365807806
gb,{'n_estimators': 1610},100.0,0.0,95.59840425531914,2.907750740130944
gb,{'n_estimators': 1230},100.0,0.0,95.18173758865248,2.5198249766266203
gb,{'n_estimators': 1680},100.0,0.0,95.59840425531914,2.907750740130944
gb,{'n_estimators': 1000},100.0,0.0,94.76507092198581,2.7145941609991433
gb,{'n_estimators': 1850},100.0,0.0,95.39007092198581,2.647950365807806
gb,{'n_estimators': 1930},100.0,0.0,95.39007092198582,2.6479503658078065
gb,{'n_estimators': 1010},100.0,0.0,95.18173758865248,2.5198249766266203
gb,{'n_estimators': 1200},100.0,0.0,95.39007092198581,2.647950365807806
gb,{'n_estimators': 1580},100.0,0.0,95.39007092198581,2.647950365807806
gb,{'n_estimators': 1210},100.0,0.0,95.39007092198582,2.6479503658078065
gb,{'n_estimators': 160},100.0,0.0,95.59840425531914,3.192354221862475
gb,{'n_estimators': 670},100.0,0.0,94.97340425531914,2.543353039961419
gb,{'n_estimators': 1300},100.0,0.0,95.80673758865247,2.9905729355043817
gb,{'n_estimators': 1110},100.0,0.0,95.18173758865248,2.5198249766266203
gb,{'n_estimators': 180},100.0,0.0,96.01507092198581,3.1958236181633275
gb,{'n_estimators': 1500},100.0,0.0,95.39007092198582,2.6479503658078065
gb,{'n_estimators': 1060},100.0,0.0,94.97340425531914,2.7086343868149787
gb,{'n_estimators': 1420},100.0,0.0,95.39007092198581,2.647950365807806
gb,{'n_estimators': 1770},100.0,0.0,95.39007092198582,2.6479503658078065
gb,{'n_estimators': 430},100.0,0.0,94.97340425531914,2.7086343868149787
gb,{'n_estimators': 200},100.0,0.0,95.80673758865247,3.398189687059564
gb,{'n_estimators': 600},100.0,0.0,95.18173758865248,2.5198249766266203
gb,{'n_estimators': 1320},100.0,0.0,95.18173758865248,2.5198249766266203
gb,{'n_estimators': 1630},100.0,0.0,94.97340425531914,2.543353039961419
gb,{'n_estimators': 570},100.0,0.0,94.76507092198581,2.7145941609991433
gb,{'n_estimators': 770},100.0,0.0,95.18173758865248,2.5198249766266203
gb,{'n_estimators': 300},100.0,0.0,96.01950354609929,2.7343075779230825
gb,{'n_estimators': 600},100.0,0.0,95.80673758865247,2.9905729355043817
log,"{'C': 0.01, 'solver': 'newton-cg'}",95.62990341552907,0.22847743627946546,95.60283687943263,1.744427668592523
log,"{'C': 100.0, 'solver': 'lbfgs'}",95.95543085307288,0.3310624910197631,95.60726950354609,2.3727957362371375
log,"{'C': 10.0, 'solver': 'lbfgs'}",96.00194248097986,0.34045803213726267,95.60726950354609,2.3727957362371375
log,"{'C': 0.001, 'solver': 'sag'}",95.04888577132682,0.6056026759589099,94.97340425531915,1.6873341322987605
log,"{'C': 1.0, 'solver': 'liblinear'}",96.09480386337881,0.3574701323186462,95.39893617021276,2.4344591480437274
log,"{'C': 0.01, 'solver': 'lbfgs'}",95.62990341552907,0.22847743627946546,95.60283687943263,1.744427668592523
log,"{'C': 0.1, 'solver': 'lbfgs'}",95.97863270922139,0.2758323624728198,95.60726950354609,1.9733343596040713
log,"{'C': 100.0, 'solver': 'liblinear'}",95.95543085307288,0.3310624910197631,95.60726950354609,2.3727957362371375
log,"{'C': 100.0, 'solver': 'lbfgs'}",95.95543085307288,0.3310624910197631,95.60726950354609,2.3727957362371375
log,"{'C': 0.001, 'solver': 'newton-cg'}",95.04888577132682,0.6056026759589099,94.97340425531915,1.6873341322987605
log,"{'C': 0.001, 'solver': 'liblinear'}",95.00215831219985,0.33517911378602616,94.97340425531914,2.149543924310719
log,"{'C': 1.0, 'solver': 'lbfgs'}",96.07154804942533,0.3522525859066787,95.39893617021276,2.4344591480437274
log,"{'C': 0.01, 'solver': 'lbfgs'}",95.62990341552907,0.22847743627946546,95.60283687943263,1.744427668592523
log,"{'C': 0.001, 'solver': 'lbfgs'}",95.04888577132682,0.6056026759589099,94.97340425531915,1.6873341322987605
log,"{'C': 10.0, 'solver': 'sag'}",96.00194248097986,0.34045803213726267,95.60726950354609,2.3727957362371375
log,"{'C': 1.0, 'solver': 'sag'}",96.07154804942533,0.3522525859066787,95.39893617021276,2.4344591480437274
log,"{'C': 0.01, 'solver': 'newton-cg'}",95.62990341552907,0.22847743627946546,95.60283687943263,1.744427668592523
log,"{'C': 100.0, 'solver': 'newton-cg'}",95.95543085307288,0.3310624910197631,95.60726950354609,2.3727957362371375
log,"{'C': 0.01, 'solver': 'newton-cg'}",95.62990341552907,0.22847743627946546,95.60283687943263,1.744427668592523
log,"{'C': 0.001, 'solver': 'lbfgs'}",95.04888577132682,0.6056026759589099,94.97340425531915,1.6873341322987605
log,"{'C': 10.0, 'solver': 'liblinear'}",96.00194248097986,0.34045803213726267,95.60726950354609,2.3727957362371375
log,"{'C': 0.001, 'solver': 'lbfgs'}",95.04888577132682,0.6056026759589099,94.97340425531915,1.6873341322987605
log,"{'C': 0.001, 'solver': 'lbfgs'}",95.04888577132682,0.6056026759589099,94.97340425531915,1.6873341322987605
log,"{'C': 0.001, 'solver': 'newton-cg'}",95.04888577132682,0.6056026759589099,94.97340425531915,1.6873341322987605
log,"{'C': 0.001, 'solver': 'lbfgs'}",95.04888577132682,0.6056026759589099,94.97340425531915,1.6873341322987605
log,"{'C': 0.01, 'solver': 'liblinear'}",95.51362434576161,0.2570734892752806,95.39007092198582,2.2723414216270035
log,"{'C': 10.0, 'solver': 'liblinear'}",96.00194248097986,0.34045803213726267,95.60726950354609,2.3727957362371375
log,"{'C': 0.1, 'solver': 'lbfgs'}",95.97863270922139,0.2758323624728198,95.60726950354609,1.9733343596040713
log,"{'C': 1.0, 'solver': 'sag'}",96.07154804942533,0.3522525859066787,95.39893617021276,2.4344591480437274
log,"{'C': 1.0, 'solver': 'lbfgs'}",96.07154804942533,0.3522525859066787,95.39893617021276,2.4344591480437274
log,"{'C': 0.1, 'solver': 'sag'}",95.97863270922139,0.2758323624728198,95.60726950354609,1.9733343596040713
log,"{'C': 100.0, 'solver': 'liblinear'}",95.95543085307288,0.3310624910197631,95.60726950354609,2.3727957362371375
log,"{'C': 100.0, 'solver': 'sag'}",95.95543085307288,0.3310624910197631,95.60726950354609,2.3727957362371375
log,"{'C': 0.1, 'solver': 'newton-cg'}",95.97863270922139,0.2758323624728198,95.60726950354609,1.9733343596040713
log,"{'C': 0.01, 'solver': 'liblinear'}",95.51362434576161,0.2570734892752806,95.39007092198582,2.2723414216270035
log,"{'C': 1.0, 'solver': 'lbfgs'}",96.07154804942533,0.3522525859066787,95.39893617021276,2.4344591480437274
log,"{'C': 0.1, 'solver': 'lbfgs'}",95.97863270922139,0.2758323624728198,95.60726950354609,1.9733343596040713
log,"{'C': 0.001, 'solver': 'newton-cg'}",95.04888577132682,0.6056026759589099,94.97340425531915,1.6873341322987605
log,"{'C': 10.0, 'solver': 'liblinear'}",96.00194248097986,0.34045803213726267,95.60726950354609,2.3727957362371375
log,"{'C': 100.0, 'solver': 'lbfgs'}",95.95543085307288,0.3310624910197631,95.60726950354609,2.3727957362371375
log,"{'C': 0.1, 'solver': 'sag'}",95.97863270922139,0.2758323624728198,95.60726950354609,1.9733343596040713
log,"{'C': 0.1, 'solver': 'lbfgs'}",95.97863270922139,0.2758323624728198,95.60726950354609,1.9733343596040713
log,"{'C': 0.001, 'solver': 'newton-cg'}",95.04888577132682,0.6056026759589099,94.97340425531915,1.6873341322987605
log,"{'C': 0.001, 'solver': 'newton-cg'}",95.04888577132682,0.6056026759589099,94.97340425531915,1.6873341322987605
log,"{'C': 0.1, 'solver': 'liblinear'}",95.93206712350941,0.28073250352296886,96.02393617021276,2.185607344437961
log,"{'C': 0.001, 'solver': 'sag'}",95.04888577132682,0.6056026759589099,94.97340425531915,1.6873341322987605
log,"{'C': 1.0, 'solver': 'lbfgs'}",96.07154804942533,0.3522525859066787,95.39893617021276,2.4344591480437274
log,"{'C': 1.0, 'solver': 'sag'}",96.07154804942533,0.3522525859066787,95.39893617021276,2.4344591480437274
log,"{'C': 0.01, 'solver': 'newton-cg'}",95.62990341552907,0.22847743627946546,95.60283687943263,1.744427668592523
log,"{'C': 0.01, 'solver': 'sag'}",95.62990341552907,0.22847743627946546,95.60283687943263,1.744427668592523
ab,"{'n_estimators': 300, 'learning_rate': 0.1}",97.69886149031458,0.4580199656011429,94.56117021276596,2.125076926919276
ab,"{'n_estimators': 1000, 'learning_rate': 0.01}",96.62947175308908,0.4442986186044832,94.7695035460993,2.331661405999537
ab,"{'n_estimators': 50, 'learning_rate': 0.1}",96.51319268332165,0.4032505754464053,94.97783687943263,2.8296012854616777
ab,"{'n_estimators': 100, 'learning_rate': 0.1}",96.44347919926615,0.37602358097760846,94.35283687943263,2.2901014243865188
ab,"{'n_estimators': 1000, 'learning_rate': 2.0}",54.20887066314142,22.330174098123976,53.0895390070922,22.792327766180577
ab,"{'n_estimators': 300, 'learning_rate': 0.001}",92.74774726164141,0.885477672219144,91.42287234042553,3.7775346991456344
ab,"{'n_estimators': 500, 'learning_rate': 1.0}",100.0,0.0,93.93617021276596,1.4495155283189278
ab,"{'n_estimators': 500, 'learning_rate': 0.001}",93.90967463443587,0.6405891334182989,93.10283687943263,4.466105817936154
ab,"{'n_estimators': 300, 'learning_rate': 1.0}",100.0,0.0,94.35283687943263,1.3312934731887465
ab,"{'n_estimators': 150, 'learning_rate': 0.1}",96.815518264717,0.5199733571750585,94.56117021276596,2.125076926919276
ab,"{'n_estimators': 150, 'learning_rate': 1.0}",99.97674418604652,0.0697674418604663,94.35283687943263,1.3312934731887465
ab,"{'n_estimators': 100, 'learning_rate': 2.0}",58.34840554686237,24.937193366465948,57.4645390070922,25.06519559779289
ab,"{'n_estimators': 1000, 'learning_rate': 0.1}",99.23282792855987,0.47715670112015846,95.60283687943263,1.4747787411661435
ab,"{'n_estimators': 1000, 'learning_rate': 1.0}",100.0,0.0,93.72783687943263,1.6029008668110205
ab,"{'n_estimators': 150, 'learning_rate': 1.0}",99.97674418604652,0.0697674418604663,94.35283687943263,1.3312934731887465
ab,"{'n_estimators': 150, 'learning_rate': 1.0}",99.97674418604652,0.0697674418604663,94.35283687943263,1.3312934731887465
ab,"{'n_estimators': 500, 'learning_rate': 1.0}",100.0,0.0,93.93617021276596,1.4495155283189278
ab,"{'n_estimators': 1000, 'learning_rate': 0.1}",99.23282792855987,0.47715670112015846,95.60283687943263,1.4747787411661435
ab,"{'n_estimators': 500, 'learning_rate': 0.001}",93.90967463443587,0.6405891334182989,93.10283687943263,4.466105817936154
ab,"{'n_estimators': 500, 'learning_rate': 0.001}",93.90967463443587,0.6405891334182989,93.10283687943263,4.466105817936154
ab,"{'n_estimators': 150, 'learning_rate': 1.0}",99.97674418604652,0.0697674418604663,94.35283687943263,1.3312934731887465
ab,"{'n_estimators': 500, 'learning_rate': 0.1}",98.2566772783683,0.4791722530939204,94.76950354609929,1.682996804976496
ab,"{'n_estimators': 50, 'learning_rate': 0.01}",93.88641882048238,0.6675582809707282,93.10283687943263,4.466105817936154
ab,"{'n_estimators': 300, 'learning_rate': 0.1}",97.69886149031458,0.4580199656011429,94.56117021276596,2.125076926919276
ab,"{'n_estimators': 500, 'learning_rate': 0.1}",98.2566772783683,0.4791722530939204,94.76950354609929,1.682996804976496
ab,"{'n_estimators': 100, 'learning_rate': 0.1}",96.44347919926615,0.37602358097760846,94.35283687943263,2.2901014243865188
ab,"{'n_estimators': 500, 'learning_rate': 1.0}",100.0,0.0,93.93617021276596,1.4495155283189278
ab,"{'n_estimators': 1000, 'learning_rate': 1.0}",100.0,0.0,93.72783687943263,1.6029008668110205
ab,"{'n_estimators': 50, 'learning_rate': 0.01}",93.88641882048238,0.6675582809707282,93.10283687943263,4.466105817936154
ab,"{'n_estimators': 1000, 'learning_rate': 0.01}",96.62947175308908,0.4442986186044832,94.7695035460993,2.331661405999537
ab,"{'n_estimators': 50, 'learning_rate': 2.0}",66.63734959261858,27.455079881053383,66.14361702127658,28.992335609924652
ab,"{'n_estimators': 50, 'learning_rate': 0.1}",96.51319268332165,0.4032505754464053,94.97783687943263,2.8296012854616777
ab,"{'n_estimators': 300, 'learning_rate': 2.0}",58.2553822910484,16.584537227020746,58.29787234042552,17.245879340662352
ab,"{'n_estimators': 50, 'learning_rate': 0.1}",96.51319268332165,0.4032505754464053,94.97783687943263,2.8296012854616777
ab,"{'n_estimators': 100, 'learning_rate': 0.001}",91.79463659418334,0.37283835922493713,91.42730496453902,3.653364384287451
ab,"{'n_estimators': 50, 'learning_rate': 0.001}",91.65510171046242,0.4075139922738201,90.80230496453902,2.9582079366941847
ab,"{'n_estimators': 150, 'learning_rate': 2.0}",54.185614849187935,12.271275173574589,53.297872340425535,14.476385747264628
ab,"{'n_estimators': 100, 'learning_rate': 0.001}",91.79463659418334,0.37283835922493713,91.42730496453902,3.653364384287451
ab,"{'n_estimators': 100, 'learning_rate': 0.1}",96.44347919926615,0.37602358097760846,94.35283687943263,2.2901014243865188
ab,"{'n_estimators': 100, 'learning_rate': 0.1}",96.44347919926615,0.37602358097760846,94.35283687943263,2.2901014243865188
ab,"{'n_estimators': 500, 'learning_rate': 0.01}",96.79215453515351,0.4390167936606819,95.39007092198582,2.4559297815689676
ab,"{'n_estimators': 100, 'learning_rate': 0.1}",96.44347919926615,0.37602358097760846,94.35283687943263,2.2901014243865188
ab,"{'n_estimators': 150, 'learning_rate': 2.0}",54.185614849187935,12.271275173574589,53.297872340425535,14.476385747264628
ab,"{'n_estimators': 300, 'learning_rate': 1.0}",100.0,0.0,94.35283687943263,1.3312934731887465
ab,"{'n_estimators': 500, 'learning_rate': 0.1}",98.2566772783683,0.4791722530939204,94.76950354609929,1.682996804976496
ab,"{'n_estimators': 100, 'learning_rate': 0.001}",91.79463659418334,0.37283835922493713,91.42730496453902,3.653364384287451
ab,"{'n_estimators': 50, 'learning_rate': 0.1}",96.51319268332165,0.4032505754464053,94.97783687943263,2.8296012854616777
ab,"{'n_estimators': 50, 'learning_rate': 2.0}",66.63734959261858,27.455079881053383,66.14361702127658,28.992335609924652
ab,"{'n_estimators': 150, 'learning_rate': 1.0}",99.97674418604652,0.0697674418604663,94.35283687943263,1.3312934731887465
ab,"{'n_estimators': 300, 'learning_rate': 0.1}",97.69886149031458,0.4580199656011429,94.56117021276596,2.125076926919276
dt,"{'criterion': 'gini', 'max_depth': 3, 'min_samples_split': 8, 'max_features': 1}",93.37495278692063,0.921403069056771,93.5195035460993,4.208043013052287
dt,"{'criterion': 'gini', 'max_depth': 1, 'min_samples_split': 9, 'max_features': 5}",90.81821615496682,1.1869834905388343,89.76063829787235,4.5886973563745705
dt,"{'criterion': 'entropy', 'max_depth': 4, 'min_samples_split': 7, 'max_features': 2}",95.3508336480872,0.792945406337552,93.51507092198582,2.5706200911033266
dt,"{'criterion': 'gini', 'max_depth': 3, 'min_samples_split': 5, 'max_features': 2}",94.77013975071495,0.6571234949256141,93.5195035460993,2.856398937226219
dt,"{'criterion': 'entropy', 'max_depth': 1, 'min_samples_split': 5, 'max_features': 5}",91.0969621755787,0.8408155607313497,91.427304964539,2.53034125760452
dt,"{'criterion': 'entropy', 'max_depth': 4, 'min_samples_split': 5, 'max_features': 4}",96.46646522419466,0.7202256623835114,94.5700354609929,3.1098736065392516
dt,"{'criterion': 'entropy', 'max_depth': 1, 'min_samples_split': 5, 'max_features': 4}",90.84163384233527,1.0339225808476982,90.16400709219859,5.456178582152166
dt,"{'criterion': 'gini', 'max_depth': 4, 'min_samples_split': 3, 'max_features': 5}",96.72249500890304,0.2633881372696538,94.55673758865247,1.9314037398788995
dt,"{'criterion': 'entropy', 'max_depth': 3, 'min_samples_split': 5, 'max_features': 2}",93.65353693411753,1.0984596954190518,90.58510638297874,2.692920385978958
dt,"{'criterion': 'gini', 'max_depth': 5, 'min_samples_split': 7, 'max_features': 5}",96.67609129660605,0.5391223889438668,93.51507092198582,1.9633122513953465
dt,"{'criterion': 'entropy', 'max_depth': 1, 'min_samples_split': 7, 'max_features': 4}",90.30718178384504,1.1869752453901095,91.81737588652483,5.246631861781777
dt,"{'criterion': 'entropy', 'max_depth': 5, 'min_samples_split': 4, 'max_features': 5}",96.83898990989046,0.8117735066867582,93.71897163120568,3.3708379626204135
dt,"{'criterion': 'gini', 'max_depth': 3, 'min_samples_split': 4, 'max_features': 3}",95.23509415636971,0.9120090771607386,92.46010638297872,2.6987692558745917
dt,"{'criterion': 'entropy', 'max_depth': 3, 'min_samples_split': 7, 'max_features': 4}",94.90945880321588,0.9719163176218825,92.48226950354609,2.9621870866644455
dt,"{'criterion': 'entropy', 'max_depth': 2, 'min_samples_split': 8, 'max_features': 4}",92.30599471213512,0.9492722901965496,91.20124113475178,3.1077247468538958
dt,"{'criterion': 'entropy', 'max_depth': 3, 'min_samples_split': 6, 'max_features': 3}",94.76938434144499,1.2848605929643757,92.68617021276596,2.9818088123774387
dt,"{'criterion': 'gini', 'max_depth': 3, 'min_samples_split': 7, 'max_features': 3}",94.74699185237145,0.9790992808021228,92.66843971631207,3.165787465409363
dt,"{'criterion': 'gini', 'max_depth': 1, 'min_samples_split': 4, 'max_features': 1}",84.26212701667296,5.540770084895306,82.40691489361703,6.400207306798071
dt,"{'criterion': 'entropy', 'max_depth': 4, 'min_samples_split': 5, 'max_features': 5}",96.35034802784223,0.625375170838627,92.69060283687944,3.7461548492245367
dt,"{'criterion': 'gini', 'max_depth': 3, 'min_samples_split': 3, 'max_features': 5}",95.74629040090649,0.42773105871387246,93.09840425531915,2.637694424286423
dt,"{'criterion': 'entropy', 'max_depth': 1, 'min_samples_split': 7, 'max_features': 2}",88.14417525495062,2.6726528775991656,86.18794326241134,8.266605105593976
dt,"{'criterion': 'entropy', 'max_depth': 5, 'min_samples_split': 6, 'max_features': 1}",95.76922246803,0.5876885094187732,92.88563829787235,3.38887086407309
dt,"{'criterion': 'entropy', 'max_depth': 3, 'min_samples_split': 9, 'max_features': 3}",95.16489505206928,0.9297563446861761,93.7322695035461,2.450259027602792
dt,"{'criterion': 'gini', 'max_depth': 3, 'min_samples_split': 8, 'max_features': 2}",94.35121135272217,1.2185791413760982,95.40336879432623,2.9117347391957042
dt,"{'criterion': 'entropy', 'max_depth': 3, 'min_samples_split': 9, 'max_features': 3}",94.04942534937679,0.9970853076454602,92.27393617021275,2.9325116877521378
dt,"{'criterion': 'gini', 'max_depth': 3, 'min_samples_split': 9, 'max_features': 1}",92.49080019424811,2.815921324867198,92.2695035460993,2.069821886714941
dt,"{'criterion': 'gini', 'max_depth': 1, 'min_samples_split': 6, 'max_features': 4}",90.77289159876976,1.5017608405965832,89.53457446808511,3.752862298977779
dt,"{'criterion': 'gini', 'max_depth': 5, 'min_samples_split': 8, 'max_features': 4}",96.6061080235256,0.5716666570554972,94.14893617021276,3.0585106382978684
dt,"{'criterion': 'entropy', 'max_depth': 5, 'min_samples_split': 5, 'max_features': 3}",96.69907732153456,0.3426517918719759,94.77836879432623,1.90889196071444
dt,"{'criterion': 'gini', 'max_depth': 4, 'min_samples_split': 6, 'max_features': 5}",96.51319268332165,0.4416571063123654,95.19060283687944,1.87937512457205
dt,"{'criterion': 'gini', 'max_depth': 4, 'min_samples_split': 6, 'max_features': 3}",95.97857875141639,0.6240254766590816,93.50620567375887,2.0095241653456464
dt,"{'criterion': 'entropy', 'max_depth': 5, 'min_samples_split': 4, 'max_features': 1}",95.32822532779366,1.0290300842218316,92.68617021276596,4.182950675576767
dt,"{'criterion': 'gini', 'max_depth': 4, 'min_samples_split': 5, 'max_features': 3}",96.32736200291372,0.613057992448566,93.09397163120568,3.251733895368967
dt,"{'criterion': 'gini', 'max_depth': 5, 'min_samples_split': 5, 'max_features': 1}",95.5600820158636,0.6862525485147185,90.802304964539,2.9708007660460285
dt,"{'criterion': 'gini', 'max_depth': 1, 'min_samples_split': 7, 'max_features': 2}",89.02811201640317,2.4632978778223777,89.12234042553192,3.834524749079767
dt,"{'criterion': 'gini', 'max_depth': 1, 'min_samples_split': 9, 'max_features': 5}",90.86440403604381,1.0784722918506,89.96897163120568,3.911074337180536
dt,"{'criterion': 'entropy', 'max_depth': 3, 'min_samples_split': 7, 'max_features': 5}",95.00226622780986,1.1913990635198461,91.22340425531914,4.535074898032894
dt,"{'criterion': 'entropy', 'max_depth': 3, 'min_samples_split': 9, 'max_features': 1}",92.44563751146605,2.076960399749629,89.74734042553192,3.550642590424918
dt,"{'criterion': 'entropy', 'max_depth': 4, 'min_samples_split': 9, 'max_features': 2}",95.44396481951114,0.5007481437658066,93.09840425531914,1.876843400792684
dt,"{'criterion': 'entropy', 'max_depth': 3, 'min_samples_split': 4, 'max_features': 3}",93.86262342847894,1.251461255889439,91.22783687943263,4.128172588364005
dt,"{'criterion': 'gini', 'max_depth': 5, 'min_samples_split': 8, 'max_features': 3}",96.28117412183671,0.8491140904067934,93.50620567375886,4.718829731805833
dt,"{'criterion': 'entropy', 'max_depth': 2, 'min_samples_split': 7, 'max_features': 4}",92.84093239087034,1.2872984941305479,92.89007092198582,2.9748951674776727
dt,"{'criterion': 'entropy', 'max_depth': 3, 'min_samples_split': 6, 'max_features': 1}",93.44445043975611,1.7192499497801992,90.59840425531914,3.9643349147850357
dt,"{'criterion': 'gini', 'max_depth': 4, 'min_samples_split': 6, 'max_features': 3}",96.28074245939675,0.40328342483272167,93.30673758865247,2.045645222918531
dt,"{'criterion': 'gini', 'max_depth': 5, 'min_samples_split': 9, 'max_features': 4}",96.28074245939675,0.3896419678269071,93.29787234042553,2.7860585289353827
dt,"{'criterion': 'entropy', 'max_depth': 2, 'min_samples_split': 9, 'max_features': 1}",90.00437058220471,2.1897076547843866,88.49734042553192,3.384461631550254
dt,"{'criterion': 'entropy', 'max_depth': 5, 'min_samples_split': 6, 'max_features': 2}",96.25764851885825,0.52395557272261,94.35283687943262,3.501952594373713
dt,"{'criterion': 'gini', 'max_depth': 4, 'min_samples_split': 8, 'max_features': 4}",96.1413694490908,0.5420655874621162,93.30230496453902,3.341119645438722
dt,"{'criterion': 'entropy', 'max_depth': 3, 'min_samples_split': 3, 'max_features': 2}",94.30545513408514,1.0167546841158024,93.09840425531915,2.086447988626845
dt,"{'criterion': 'gini', 'max_depth': 3, 'min_samples_split': 9, 'max_features': 2}",94.72325041817298,0.9479581758167289,93.29787234042553,2.6327548439814215
xgb,"{'max_depth': 4, 'learning_rate': 0.1, 'n_estimators': 300, 'booster': 'dart'}",100.0,0.0,94.97340425531914,3.417159349403289
nn,"{'alpha': 0.001, 'hidden_layer_sizes': (64, 64, 64)}",99.41860465116278,1.1499288665187044,94.7695035460993,2.3316614059995366
nn,"{'alpha': 0.0001, 'hidden_layer_sizes': (10, 10, 10)}",96.76911455242,0.6437029905881807,95.81117021276596,2.818622687177801
nn,"{'alpha': 0.0001, 'hidden_layer_sizes': (32, 32, 32, 32, 32, 32)}",99.11627906976744,1.3512408415194361,95.39893617021275,3.059653913158546
nn,"{'alpha': 0.1, 'hidden_layer_sizes': (10, 20, 20, 10)}",96.74558894944153,0.6579327290429305,95.40336879432623,3.0571644945921057
nn,"{'alpha': 0.0001, 'hidden_layer_sizes': (20, 10)}",96.69918523714456,0.3864833917266403,95.81560283687944,2.2906161426046308
nn,"{'alpha': 0.01, 'hidden_layer_sizes': (32, 32, 32)}",99.1861004694329,0.9022284944562624,94.9822695035461,2.313795820516423
nn,"{'alpha': 0.0001, 'hidden_layer_sizes': (10, 20, 20, 10)}",97.30356661091027,0.5116780866403484,95.39893617021276,2.768158675835781
nn,"{'alpha': 0.001, 'hidden_layer_sizes': (10, 10, 10)}",96.8386661630605,0.4054338949001128,96.02393617021276,1.9770745834453467
nn,"{'alpha': 0.001, 'hidden_layer_sizes': (20, 20, 20, 20)}",98.07122430259537,1.1891153733979127,94.55673758865247,3.6440268272241507
nn,"{'alpha': 0.001, 'hidden_layer_sizes': (64, 64, 64)}",99.58209680030217,0.8974610565300803,93.93173758865247,2.8730414880808404
nn,"{'alpha': 0.1, 'hidden_layer_sizes': (80, 10)}",97.25705498300329,0.42648170221401077,95.39007092198581,3.4957080074163827
nn,"{'alpha': 0.01, 'hidden_layer_sizes': (10, 10, 10)}",96.5829601251821,0.550953780349468,95.39893617021276,2.434459148043727
nn,"{'alpha': 0.001, 'hidden_layer_sizes': (32, 32, 32, 32, 32, 32)}",98.81481681325204,1.256872851505258,94.56560283687944,2.974630969542193
nn,"{'alpha': 0.01, 'hidden_layer_sizes': (32, 32, 32)}",99.1864781740679,0.7146935654514416,94.9822695035461,3.24992068093555
nn,"{'alpha': 0.01, 'hidden_layer_sizes': (64, 64, 64)}",99.69767441860465,0.6244521666091861,94.35283687943263,2.801558709119586
nn,"{'alpha': 0.1, 'hidden_layer_sizes': (80, 10)}",97.32687638266876,0.44391374749160983,95.39450354609929,3.350339638998564
nn,"{'alpha': 0.1, 'hidden_layer_sizes': (10, 10, 10)}",96.76900663681002,0.3511567150548091,95.81560283687944,1.8737158807166583
nn,"{'alpha': 0.001, 'hidden_layer_sizes': (32, 32, 32)}",98.62882425942912,1.2358777174221443,95.40336879432623,2.7586488786874437
nn,"{'alpha': 0.001, 'hidden_layer_sizes': (20, 20, 20, 20)}",97.86127448335402,0.9344045896705139,95.177304964539,3.52692065510112
nn,"{'alpha': 0.01, 'hidden_layer_sizes': (64, 64, 64)}",99.86046511627907,0.3480611522580428,94.35283687943263,2.6420968273491163
nn,"{'alpha': 0.1, 'hidden_layer_sizes': (64, 64, 64)}",98.67517401392112,1.1580808974311347,94.76950354609929,3.5292707959989906
nn,"{'alpha': 0.1, 'hidden_layer_sizes': (16, 32, 64, 64, 32, 16)}",97.7446716667566,0.9979146097232255,95.39893617021276,2.6066543497459223
nn,"{'alpha': 0.1, 'hidden_layer_sizes': (64, 64, 64)}",99.25635353153834,0.42575729398557427,94.77393617021276,3.1252640600673405
nn,"{'alpha': 0.001, 'hidden_layer_sizes': (64, 64, 64, 64)}",99.32558139534883,1.3498392428773416,93.93617021276596,2.703595494923568
nn,"{'alpha': 0.1, 'hidden_layer_sizes': (20, 10)}",96.5598122268386,0.3856474245366627,95.81560283687944,2.0925741939547455
nn,"{'alpha': 0.01, 'hidden_layer_sizes': (32, 32, 32, 32, 32, 32)}",98.25651540495332,1.4110914889222474,95.39893617021276,2.047066250120566
nn,"{'alpha': 0.0001, 'hidden_layer_sizes': (10, 10, 10)}",96.69934711055956,0.46136349416175443,95.19060283687944,1.879375124572054
nn,"{'alpha': 0.0001, 'hidden_layer_sizes': (64, 64, 64)}",99.93023255813952,0.20930232558139467,94.76950354609929,1.9236771561560528
nn,"{'alpha': 0.01, 'hidden_layer_sizes': (16, 32, 64, 64, 32, 16)}",98.954027950143,1.1909276305832153,94.56560283687944,2.3186649569822038
nn,"{'alpha': 0.0001, 'hidden_layer_sizes': (20, 20, 20, 20)}",97.83812658501051,1.2390860799733707,94.14007092198582,2.9209479453684777
nn,"{'alpha': 0.0001, 'hidden_layer_sizes': (32, 32, 32, 32, 32, 32)}",99.51222144283172,0.8838625770623173,94.35283687943262,3.2446202955245274
nn,"{'alpha': 0.0001, 'hidden_layer_sizes': (64, 64, 64)}",99.83731721793558,0.2949727913178884,94.35283687943263,2.47237134944019
nn,"{'alpha': 0.01, 'hidden_layer_sizes': (10, 10, 10)}",96.81524847569202,0.3311916752626897,94.97783687943263,2.129418045491342
nn,"{'alpha': 0.0001, 'hidden_layer_sizes': (20, 10)}",97.02465871688341,0.3718607976460561,95.39450354609929,2.4528437299004
nn,"{'alpha': 0.0001, 'hidden_layer_sizes': (32, 32, 32, 32, 32, 32)}",98.81454702422707,1.0363836168723939,94.7695035460993,2.8356324830440234
nn,"{'alpha': 0.01, 'hidden_layer_sizes': (32, 32, 32)}",99.16333027572439,0.8395509247881255,94.34840425531914,3.245531536935914
nn,"{'alpha': 0.0001, 'hidden_layer_sizes': (16, 32, 64, 64, 32, 16)}",98.48966708034318,1.3234410124975295,95.19060283687944,2.4771389798569805
nn,"{'alpha': 0.1, 'hidden_layer_sizes': (64, 64, 64, 64)}",99.09302325581396,1.2104198771788917,93.9317375886525,2.5530875976203182
nn,"{'alpha': 0.001, 'hidden_layer_sizes': (10, 10, 10)}",96.58312199859708,0.32813916849869973,93.93173758865247,2.717777002750268
nn,"{'alpha': 0.001, 'hidden_layer_sizes': (32, 32, 32)}",99.23261209733988,0.9869639153177435,95.1950354609929,3.360630739437575
nn,"{'alpha': 0.01, 'hidden_layer_sizes': (64, 64, 64)}",99.72125397938812,0.5066701213057284,93.72783687943263,2.7888392786528247
nn,"{'alpha': 0.0001, 'hidden_layer_sizes': (32, 32, 32)}",98.83726326013058,1.105614185682188,94.34840425531914,2.1111812021607097
nn,"{'alpha': 0.1, 'hidden_layer_sizes': (10, 20, 20, 10)}",97.2108131441213,0.7042509704723103,95.1950354609929,2.2841738283160264
nn,"{'alpha': 0.001, 'hidden_layer_sizes': (64, 64, 64)}",100.0,0.0,94.98226950354608,2.662660738838198
nn,"{'alpha': 0.0001, 'hidden_layer_sizes': (64, 64, 64, 64)}",100.0,0.0,93.72340425531914,2.473165930712898
nn,"{'alpha': 0.1, 'hidden_layer_sizes': (64, 64, 64)}",98.86068094749905,0.9094914238134763,94.56117021276596,2.9759418211891258
nn,"{'alpha': 0.001, 'hidden_layer_sizes': (64, 64, 64)}",99.93023255813952,0.20930232558139467,93.94060283687944,3.283198331565137
nn,"{'alpha': 0.0001, 'hidden_layer_sizes': (20, 10)}",96.69929315275455,0.3853277784087596,95.60283687943263,3.1720869045810773
nn,"{'alpha': 0.1, 'hidden_layer_sizes': (32, 32, 32, 32, 32, 32)}",99.21000377704635,1.3794083675159605,93.72783687943263,3.481077749768682
nn,"{'alpha': 0.1, 'hidden_layer_sizes': (32, 32, 32)}",97.93131171423947,0.7947553313203141,95.19060283687944,2.646558724283747
gb,{'n_estimators': 1820},100.0,0.0,95.39007092198581,2.957659928202161
gb,{'n_estimators': 1910},100.0,0.0,95.18173758865248,2.5198249766266203
gb,{'n_estimators': 1480},100.0,0.0,95.39007092198581,3.1009366014880686
gb,{'n_estimators': 1370},100.0,0.0,95.59840425531914,2.754443466687325
gb,{'n_estimators': 1230},100.0,0.0,95.18173758865248,2.5198249766266203
gb,{'n_estimators': 110},100.0,0.0,95.80673758865247,3.26797147993712
gb,{'n_estimators': 1870},100.0,0.0,95.18173758865248,2.5198249766266203
gb,{'n_estimators': 1020},100.0,0.0,95.39007092198582,2.6479503658078065
gb,{'n_estimators': 1990},100.0,0.0,95.39007092198581,2.647950365807806
gb,{'n_estimators': 580},100.0,0.0,95.18173758865247,2.8435240501783094
gb,{'n_estimators': 940},100.0,0.0,95.59840425531914,2.907750740130944
gb,{'n_estimators': 940},100.0,0.0,95.39007092198582,2.6479503658078065
gb,{'n_estimators': 1360},100.0,0.0,95.18173758865248,2.5198249766266203
gb,{'n_estimators': 1220},100.0,0.0,95.18173758865248,2.5198249766266203
gb,{'n_estimators': 1250},100.0,0.0,95.80673758865247,2.9905729355043817
gb,{'n_estimators': 370},100.0,0.0,95.39007092198582,2.6479503658078065
gb,{'n_estimators': 180},100.0,0.0,96.01507092198581,3.1958236181633275
gb,{'n_estimators': 1500},100.0,0.0,95.59840425531914,2.907750740130944
gb,{'n_estimators': 860},100.0,0.0,95.18173758865248,2.5198249766266203
gb,{'n_estimators': 100},100.0,0.0,96.01507092198581,2.9115592879588466
gb,{'n_estimators': 470},100.0,0.0,95.39007092198581,2.647950365807806
gb,{'n_estimators': 1630},100.0,0.0,95.39007092198581,2.647950365807806
gb,{'n_estimators': 980},100.0,0.0,95.59840425531914,2.907750740130944
gb,{'n_estimators': 530},100.0,0.0,94.97340425531914,2.543353039961419
gb,{'n_estimators': 170},100.0,0.0,95.80673758865247,2.9905729355043817
gb,{'n_estimators': 250},100.0,0.0,95.80673758865248,3.1323444954421693
gb,{'n_estimators': 960},100.0,0.0,95.18173758865248,2.5198249766266203
gb,{'n_estimators': 1470},100.0,0.0,95.80673758865247,2.9905729355043817
gb,{'n_estimators': 1100},100.0,0.0,95.18173758865248,2.5198249766266203
gb,{'n_estimators': 1450},100.0,0.0,95.59840425531914,2.907750740130944
gb,{'n_estimators': 740},100.0,0.0,95.18173758865248,2.5198249766266203
gb,{'n_estimators': 1110},100.0,0.0,94.97340425531914,2.7086343868149787
gb,{'n_estimators': 50},99.00053957804997,0.2947023023838184,94.76507092198582,3.292604391838298
gb,{'n_estimators': 20},97.53601683483517,0.237259193258706,94.34397163120566,2.985838766103445
gb,{'n_estimators': 830},100.0,0.0,94.97340425531914,2.543353039961419
gb,{'n_estimators': 1940},100.0,0.0,95.18173758865248,2.5198249766266203
gb,{'n_estimators': 500},100.0,0.0,95.80673758865247,2.9905729355043817
gb,{'n_estimators': 180},100.0,0.0,95.80673758865247,3.26797147993712
gb,{'n_estimators': 570},100.0,0.0,95.39007092198581,2.647950365807806
gb,{'n_estimators': 630},100.0,0.0,95.39007092198582,2.6479503658078065
gb,{'n_estimators': 1530},100.0,0.0,95.39007092198582,2.6479503658078065
gb,{'n_estimators': 1920},100.0,0.0,95.18173758865248,2.8435240501783094
gb,{'n_estimators': 1980},100.0,0.0,95.59840425531914,2.907750740130944
gb,{'n_estimators': 1200},100.0,0.0,94.97340425531914,2.7086343868149787
gb,{'n_estimators': 1160},100.0,0.0,95.39007092198581,2.647950365807806
gb,{'n_estimators': 920},100.0,0.0,95.18173758865248,2.5198249766266203
gb,{'n_estimators': 750},100.0,0.0,95.39007092198582,2.6479503658078065
gb,{'n_estimators': 1290},100.0,0.0,95.39007092198582,2.6479503658078065
gb,{'n_estimators': 50},99.00064749365997,0.3120584192402706,94.97340425531914,3.2876925743838585
gb,{'n_estimators': 1530},100.0,0.0,95.18173758865247,2.6865541997858324
